<?xml version="1.0" encoding="UTF-8" ?>
<XMLDB PATH="mod/quiz/accessrule/seb/db" VERSION="2019120400" COMMENT="XMLDB file for Moodle mod/quiz/accessrule/seb"
    xmlns:xsi="http://www.w3.org/2001/XMLSchema-instance"
    xsi:noNamespaceSchemaLocation="../../../../../lib/xmldb/xmldb.xsd"
>
  <TABLES>
    <TABLE NAME="quizaccess_seb_quizsettings" COMMENT="Stores the quiz level Safe Exam Browser configuration.">
      <FIELDS>
        <FIELD NAME="id" TYPE="int" LENGTH="10" NOTNULL="true" SEQUENCE="true"/>
        <FIELD NAME="quizid" TYPE="int" LENGTH="10" NOTNULL="true" SEQUENCE="false" COMMENT="Foreign key to quiz id."/>
        <FIELD NAME="cmid" TYPE="int" LENGTH="10" NOTNULL="true" SEQUENCE="false" COMMENT="Foreign key to course module id."/>
        <FIELD NAME="templateid" TYPE="int" LENGTH="10" NOTNULL="true" SEQUENCE="false" COMMENT="Foreign key to quizaccess_seb_template.id."/>
        <FIELD NAME="requiresafeexambrowser" TYPE="int" LENGTH="1" NOTNULL="true" SEQUENCE="false" COMMENT="Bool whether to require SEB."/>
        <FIELD NAME="showsebtaskbar" TYPE="int" LENGTH="1" NOTNULL="false" SEQUENCE="false" COMMENT="Bool to show SEB task bar"/>
        <FIELD NAME="showwificontrol" TYPE="int" LENGTH="1" NOTNULL="false" SEQUENCE="false" COMMENT="Bool to allow user to control networking."/>
        <FIELD NAME="showreloadbutton" TYPE="int" LENGTH="1" NOTNULL="false" SEQUENCE="false" COMMENT="Bool to show reload button."/>
        <FIELD NAME="showtime" TYPE="int" LENGTH="1" NOTNULL="false" SEQUENCE="false" COMMENT="Bool to show the clock."/>
        <FIELD NAME="showkeyboardlayout" TYPE="int" LENGTH="1" NOTNULL="false" SEQUENCE="false" COMMENT="Bool to show keyboard layout."/>
        <FIELD NAME="allowuserquitseb" TYPE="int" LENGTH="1" NOTNULL="false" SEQUENCE="false" COMMENT="Bool to show quit button."/>
        <FIELD NAME="quitpassword" TYPE="text" NOTNULL="false" SEQUENCE="false" COMMENT="Quit password to exit SEB."/>
        <FIELD NAME="linkquitseb" TYPE="text" NOTNULL="false" SEQUENCE="false" COMMENT="Link to exit SEB."/>
        <FIELD NAME="userconfirmquit" TYPE="int" LENGTH="1" NOTNULL="false" SEQUENCE="false" COMMENT="Bool whether confirm quit popup should appear."/>
        <FIELD NAME="enableaudiocontrol" TYPE="int" LENGTH="1" NOTNULL="false" SEQUENCE="false" COMMENT="Bool to show volume and audio controls."/>
        <FIELD NAME="muteonstartup" TYPE="int" LENGTH="1" NOTNULL="false" SEQUENCE="false" COMMENT="Bool whether browser starts muted."/>
        <FIELD NAME="allowspellchecking" TYPE="int" LENGTH="1" NOTNULL="false" SEQUENCE="false" COMMENT="Bool whether spell checking will happen in SEB."/>
        <FIELD NAME="allowreloadinexam" TYPE="int" LENGTH="1" NOTNULL="false" SEQUENCE="false" COMMENT="Bool whether user can reload."/>
        <FIELD NAME="activateurlfiltering" TYPE="int" LENGTH="1" NOTNULL="false" SEQUENCE="false" COMMENT="Bool whether URLs will be filtered."/>
        <FIELD NAME="filterembeddedcontent" TYPE="int" LENGTH="1" NOTNULL="false" SEQUENCE="false" COMMENT="Bool wither embedded content will be filtered"/>
        <FIELD NAME="expressionsallowed" TYPE="text" NOTNULL="false" SEQUENCE="false" COMMENT="Comma or newline separated list of allowed expressions"/>
        <FIELD NAME="regexallowed" TYPE="text" NOTNULL="false" SEQUENCE="false" COMMENT="Regex of allowed URLs"/>
        <FIELD NAME="expressionsblocked" TYPE="text" NOTNULL="false" SEQUENCE="false" COMMENT="Comma or newline separated list of blocked expressions"/>
        <FIELD NAME="regexblocked" TYPE="text" NOTNULL="false" SEQUENCE="false" COMMENT="Regex of blocked URLs"/>
        <FIELD NAME="allowedbrowserexamkeys" TYPE="text" NOTNULL="false" SEQUENCE="false" COMMENT="List of allowed browser exam keys."/>
        <FIELD NAME="showsebdownloadlink" TYPE="int" LENGTH="1" NOTNULL="false" SEQUENCE="false" COMMENT="Bool whether SEB download link should appear"/>
        <FIELD NAME="usermodified" TYPE="int" LENGTH="10" NOTNULL="true" DEFAULT="0" SEQUENCE="false"/>
        <FIELD NAME="timecreated" TYPE="int" LENGTH="10" NOTNULL="true" DEFAULT="0" SEQUENCE="false"/>
        <FIELD NAME="timemodified" TYPE="int" LENGTH="10" NOTNULL="true" DEFAULT="0" SEQUENCE="false"/>
      </FIELDS>
      <KEYS>
        <KEY NAME="primary" TYPE="primary" FIELDS="id"/>
        <KEY NAME="quizid" TYPE="foreign-unique" FIELDS="quizid" REFTABLE="quiz" REFFIELDS="id"/>
        <KEY NAME="cmid" TYPE="foreign-unique" FIELDS="cmid" REFTABLE="course_modules" REFFIELDS="id"/>
        <KEY NAME="templateid" TYPE="foreign" FIELDS="templateid" REFTABLE="quizaccess_seb_template" REFFIELDS="id"/>
        <KEY NAME="usermodified" TYPE="foreign" FIELDS="usermodified" REFTABLE="user" REFFIELDS="id"/>
      </KEYS>
    </TABLE>
    <TABLE NAME="quizaccess_seb_template" COMMENT="Templates for Safe Exam Browser configuration.">
      <FIELDS>
        <FIELD NAME="id" TYPE="int" LENGTH="10" NOTNULL="true" SEQUENCE="true"/>
        <FIELD NAME="name" TYPE="char" LENGTH="255" NOTNULL="true" SEQUENCE="false" COMMENT="Name of the template"/>
        <FIELD NAME="description" TYPE="text" NOTNULL="true" SEQUENCE="false"/>
        <FIELD NAME="content" TYPE="text" NOTNULL="true" SEQUENCE="false" COMMENT="Content of the template"/>
        <FIELD NAME="enabled" TYPE="int" LENGTH="1" NOTNULL="true" SEQUENCE="false"/>
        <FIELD NAME="sortorder" TYPE="int" LENGTH="10" NOTNULL="true" SEQUENCE="false"/>
        <FIELD NAME="usermodified" TYPE="int" LENGTH="10" NOTNULL="true" DEFAULT="0" SEQUENCE="false"/>
        <FIELD NAME="timecreated" TYPE="int" LENGTH="10" NOTNULL="true" DEFAULT="0" SEQUENCE="false"/>
        <FIELD NAME="timemodified" TYPE="int" LENGTH="10" NOTNULL="true" DEFAULT="0" SEQUENCE="false"/>
      </FIELDS>
      <KEYS>
        <KEY NAME="primary" TYPE="primary" FIELDS="id"/>
        <KEY NAME="usermodified" TYPE="foreign" FIELDS="usermodified" REFTABLE="user" REFFIELDS="id"/>
      </KEYS>
    </TABLE>
  </TABLES>
</XMLDB>
